EDM Operator AND (mold OR "tool and die" OR "injection mold" OR "precision machining")

Minco Tool and Mold, Inc. - https://www.mincogroup.com/minco-tool-and-mold/
AUTOKINITON - https://www.autokiniton.com/
Textron - https://www.textron.com/
Universal Metal Products - https://universalmetalproducts.com/
Stanley Black & Decker, Inc. - https://www.stanleyblackanddecker.com/
The Manufacturers' Association - https://mascpa.org/
Howmet Aerospace - https://www.howmet.com/
Check-Mate Industries, Inc. - https://checkmateindustries.com/
Ford Motor Company - https://www.ford.com/
Heartland Precision Fasteners, Inc. - https://www.heartlandprecision.com/
Computer Numerical Control Machinist - https://www.cncmachinist.com/
Inside Higher Ed - https://www.insidehighered.com/

Mold Designer (mold OR "tool and die" OR "injection mold" OR "precision machining")

Textron - https://www.textron.com
ClarkDietrich - https://www.clarkdietrich.com
Mayer Tool & Engineering, Inc. - https://mayertool.com
Heartland Precision Fasteners, Inc. - https://heartlandfasteners.com
Universal Metal Products - https://universalmetalproducts.com
NSI Industries - https://nsiindustries.com
AUTOKINITON - https://www.autokiniton.com
Stanley Black & Decker, Inc. - https://www.stanleyblackanddecker.com
Strattec Security Corporation - https://www.strattec.com
Howmet Aerospace - https://www.howmet.com
Advanced Tooling Systems - https://www.advancedtooling.com
Marion Tool & Die, Inc. dba Marion Manufacturing - https://mariontool.com
Evans Tool & Die / Evans Metal Stamping / Evans Laser Cutting - https://evanstool.com
Eaton - https://www.eaton.com
Matthews Memorialization - https://www.matthewsbronze.com
Ford Motor Company - https://www.ford.com
M.R. Mold and Engineering - https://www.mrmold.com
Doerfer Companies - https://www.doerfer.com
Xcentric Mold & Engineering - https://www.xcentricmold.com
Kapco Metal Stamping - https://www.kapcomfg.com
JST Corporation / Sales America - https://www.jstusa.com
Ace Precision Machining - https://www.aceprecision.com
Masimo - https://www.masimo.com
Canon USA - https://www.usa.canon.com
Midland-Marvel Recruiters, LLC - https://www.midlandmarvel.com
CyberCoders - https://www.cybercoders.com
MSI Mold Builders - https://www.msimoldbuilders.com
Brightpath Associates LLC - https://www.brightpathassociates.com
